"Feature","icc_matrix"
"original_shape_Elongation",0.953440941404753
"original_shape_Flatness",0.937148489191061
"original_shape_LeastAxisLength",0.978568865570696
"original_shape_MajorAxisLength",0.987754484009979
"original_shape_Maximum2DDiameterColumn",0.99863788031104
"original_shape_Maximum2DDiameterRow",0.996090550151319
"original_shape_Maximum2DDiameterSlice",0.982921817476336
"original_shape_Maximum3DDiameter",0.996149252805266
"original_shape_MeshVolume",0.999323363648259
"original_shape_MinorAxisLength",0.99114206698721
"original_shape_Sphericity",0.963096437734042
"original_shape_SurfaceArea",0.998748295063053
"original_shape_SurfaceVolumeRatio",0.849714332960412
"original_shape_VoxelVolume",0.999322998627189
"original_firstorder_10Percentile",0.701177560894779
"original_firstorder_90Percentile",0.989425440990283
"original_firstorder_Energy",0.999081560890346
"original_firstorder_Entropy",0.904397965835187
"original_firstorder_InterquartileRange",0.850084257444835
"original_firstorder_Kurtosis",0.762470067426291
"original_firstorder_Maximum",0.950795935382192
"original_firstorder_MeanAbsoluteDeviation",0.85054167447008
"original_firstorder_Mean",0.952717576722612
"original_firstorder_Median",0.979018647351385
"original_firstorder_Minimum",0.818357502759162
"original_firstorder_Range",0.89095240430915
"original_firstorder_RobustMeanAbsoluteDeviation",0.840311610833781
"original_firstorder_RootMeanSquared",0.969011701899341
"original_firstorder_Skewness",0.903417675640289
"original_firstorder_TotalEnergy",0.999082076693607
"original_firstorder_Uniformity",0.79801869619975
"original_firstorder_Variance",0.781546578697079
"original_glcm_Autocorrelation",0.861253583911391
"original_glcm_ClusterProminence",0.663972191236543
"original_glcm_ClusterShade",0.744753689339851
"original_glcm_ClusterTendency",0.753220563361337
"original_glcm_Contrast",0.947066676279613
"original_glcm_Correlation",0.849276726015
"original_glcm_DifferenceAverage",0.961487660005242
"original_glcm_DifferenceEntropy",0.911958942372547
"original_glcm_DifferenceVariance",0.922542355569587
"original_glcm_Id",0.954389704473436
"original_glcm_Idm",0.960173006685239
"original_glcm_Idmn",0.839794004925455
"original_glcm_Idn",0.883176648712226
"original_glcm_Imc1",0.758272175353282
"original_glcm_Imc2",0.79701303867207
"original_glcm_InverseVariance",0.871598692220102
"original_glcm_JointAverage",0.872860839418581
"original_glcm_JointEnergy",0.569641555564899
"original_glcm_JointEntropy",0.913715443224126
"original_glcm_MCC",0.829227659985912
"original_glcm_MaximumProbability",0.807933708621139
"original_glcm_SumAverage",0.872860839382357
"original_glcm_SumEntropy",0.868330993026711
"original_glcm_SumSquares",0.779223312698022
"original_gldm_DependenceEntropy",0.799063422697791
"original_gldm_DependenceNonUniformity",0.99909715263263
"original_gldm_DependenceNonUniformityNormalized",0.718112434874795
"original_gldm_DependenceVariance",0.979011039539571
"original_gldm_GrayLevelNonUniformity",0.999275689838476
"original_gldm_GrayLevelVariance",0.782505168469077
"original_gldm_HighGrayLevelEmphasis",0.864033568253239
"original_gldm_LargeDependenceEmphasis",0.866443348203346
"original_gldm_LargeDependenceHighGrayLevelEmphasis",0.743424997978637
"original_gldm_LargeDependenceLowGrayLevelEmphasis",0.21002297048331
"original_gldm_LowGrayLevelEmphasis",0.70242100889161
"original_gldm_SmallDependenceEmphasis",0.814143721480325
"original_gldm_SmallDependenceHighGrayLevelEmphasis",0.898072686440163
"original_gldm_SmallDependenceLowGrayLevelEmphasis",0.22058988472153
"original_glrlm_GrayLevelNonUniformity",0.999498210431935
"original_glrlm_GrayLevelNonUniformityNormalized",0.731392247081688
"original_glrlm_GrayLevelVariance",0.807310294674353
"original_glrlm_HighGrayLevelRunEmphasis",0.861286096604934
"original_glrlm_LongRunEmphasis",0.372756313091921
"original_glrlm_LongRunHighGrayLevelEmphasis",0.807816962747612
"original_glrlm_LongRunLowGrayLevelEmphasis",0.0429191533980964
"original_glrlm_LowGrayLevelRunEmphasis",0.692725933232168
"original_glrlm_RunEntropy",0.859178842837489
"original_glrlm_RunLengthNonUniformity",0.99884171150234
"original_glrlm_RunLengthNonUniformityNormalized",0.95874016932627
"original_glrlm_RunPercentage",0.931488709641132
"original_glrlm_RunVariance",0.76600622302308
"original_glrlm_ShortRunEmphasis",0.886040600078855
"original_glrlm_ShortRunHighGrayLevelEmphasis",0.869602451046551
"original_glrlm_ShortRunLowGrayLevelEmphasis",0.845170257711328
"original_glszm_GrayLevelNonUniformity",0.994438445275475
"original_glszm_GrayLevelNonUniformityNormalized",0.624466908545732
"original_glszm_GrayLevelVariance",0.850716213035181
"original_glszm_HighGrayLevelZoneEmphasis",0.854105104015467
"original_glszm_LargeAreaEmphasis",0.962470487800158
"original_glszm_LargeAreaHighGrayLevelEmphasis",0.986745905646801
"original_glszm_LargeAreaLowGrayLevelEmphasis",0.0249741786539232
"original_glszm_LowGrayLevelZoneEmphasis",0.693792389515403
"original_glszm_SizeZoneNonUniformity",0.995535616509537
"original_glszm_SizeZoneNonUniformityNormalized",0.82784806095357
"original_glszm_SmallAreaEmphasis",0.846499762834797
"original_glszm_SmallAreaHighGrayLevelEmphasis",0.862904436158792
"original_glszm_SmallAreaLowGrayLevelEmphasis",0.756163947888292
"original_glszm_ZoneEntropy",0.857104511420335
"original_glszm_ZonePercentage",0.826536759492234
"original_glszm_ZoneVariance",0.990304914087618
"original_ngtdm_Busyness",0.992581722596597
"original_ngtdm_Coarseness",-2.81454296534538e-08
"original_ngtdm_Complexity",0.924924327209722
"original_ngtdm_Contrast",0.931581043105415
"original_ngtdm_Strength",0.822630435733222
"wavelet.LLH_firstorder_10Percentile",0.592847944857762
"wavelet.LLH_firstorder_90Percentile",0.846299432481777
"wavelet.LLH_firstorder_Energy",0.99933027832762
"wavelet.LLH_firstorder_Entropy",0.921550255877622
"wavelet.LLH_firstorder_InterquartileRange",0.564446797424926
"wavelet.LLH_firstorder_Kurtosis",0.982790621650987
"wavelet.LLH_firstorder_Maximum",0.938297073385837
"wavelet.LLH_firstorder_MeanAbsoluteDeviation",0.582027311484521
"wavelet.LLH_firstorder_Mean",0.700570651526531
"wavelet.LLH_firstorder_Median",0.758106852347398
"wavelet.LLH_firstorder_Minimum",0.755610754206539
"wavelet.LLH_firstorder_Range",0.828006367988522
"wavelet.LLH_firstorder_RobustMeanAbsoluteDeviation",0.559158425180443
"wavelet.LLH_firstorder_RootMeanSquared",0.774263381697928
"wavelet.LLH_firstorder_Skewness",0.964921472942042
"wavelet.LLH_firstorder_TotalEnergy",0.999330734070758
"wavelet.LLH_firstorder_Uniformity",0.954650250711373
"wavelet.LLH_firstorder_Variance",0.130222778655241
"wavelet.LLH_glcm_Autocorrelation",0.401966257512882
"wavelet.LLH_glcm_ClusterProminence",0.00276625488836047
"wavelet.LLH_glcm_ClusterShade",0.0177424101195016
"wavelet.LLH_glcm_ClusterTendency",0.122246053373038
"wavelet.LLH_glcm_Contrast",0.129410249333768
"wavelet.LLH_glcm_Correlation",0.860089023800764
"wavelet.LLH_glcm_DifferenceAverage",0.454937452718646
"wavelet.LLH_glcm_DifferenceEntropy",0.884358367304074
"wavelet.LLH_glcm_DifferenceVariance",0.242631448795023
"wavelet.LLH_glcm_Id",0.824821153801575
"wavelet.LLH_glcm_Idm",0.801523232503562
"wavelet.LLH_glcm_Idmn",0.837544276185596
"wavelet.LLH_glcm_Idn",0.833527475180863
"wavelet.LLH_glcm_Imc1",0.65408162662605
"wavelet.LLH_glcm_Imc2",0.927479915524782
"wavelet.LLH_glcm_InverseVariance",0.954277446923063
"wavelet.LLH_glcm_JointAverage",0.811443534736296
"wavelet.LLH_glcm_JointEnergy",0.969992967213641
"wavelet.LLH_glcm_JointEntropy",0.960000412149017
"wavelet.LLH_glcm_MCC",0.896171711853745
"wavelet.LLH_glcm_MaximumProbability",0.955358145802022
"wavelet.LLH_glcm_SumAverage",0.811443534637076
"wavelet.LLH_glcm_SumEntropy",0.95417484890407
"wavelet.LLH_glcm_SumSquares",0.125304278709462
"wavelet.LLH_gldm_DependenceEntropy",0.796027308718385
"wavelet.LLH_gldm_DependenceNonUniformity",0.999434757379189
"wavelet.LLH_gldm_DependenceNonUniformityNormalized",0.301519769098163
"wavelet.LLH_gldm_DependenceVariance",0.937003611444491
"wavelet.LLH_gldm_GrayLevelNonUniformity",0.999537420637794
"wavelet.LLH_gldm_GrayLevelVariance",0.112240973650253
"wavelet.LLH_gldm_HighGrayLevelEmphasis",0.385168734875346
"wavelet.LLH_gldm_LargeDependenceEmphasis",0.961501411826487
"wavelet.LLH_gldm_LargeDependenceHighGrayLevelEmphasis",0.985912392835454
"wavelet.LLH_gldm_LargeDependenceLowGrayLevelEmphasis",0.972455973285204
"wavelet.LLH_gldm_LowGrayLevelEmphasis",0.974747704215962
"wavelet.LLH_gldm_SmallDependenceEmphasis",0.374650941342049
"wavelet.LLH_gldm_SmallDependenceHighGrayLevelEmphasis",0.0594079324000959
"wavelet.LLH_gldm_SmallDependenceLowGrayLevelEmphasis",0.245275784202581
"wavelet.LLH_glrlm_GrayLevelNonUniformity",0.999426874167366
"wavelet.LLH_glrlm_GrayLevelNonUniformityNormalized",0.966498756462561
"wavelet.LLH_glrlm_GrayLevelVariance",0.122822566708625
"wavelet.LLH_glrlm_HighGrayLevelRunEmphasis",0.391524536092971
"wavelet.LLH_glrlm_LongRunEmphasis",0.969057043021353
"wavelet.LLH_glrlm_LongRunHighGrayLevelEmphasis",0.949566174272621
"wavelet.LLH_glrlm_LongRunLowGrayLevelEmphasis",0.973167300759775
"wavelet.LLH_glrlm_LowGrayLevelRunEmphasis",0.978570719788461
"wavelet.LLH_glrlm_RunEntropy",0.930285658898318
"wavelet.LLH_glrlm_RunLengthNonUniformity",0.997936562503428
"wavelet.LLH_glrlm_RunLengthNonUniformityNormalized",0.901498310693919
"wavelet.LLH_glrlm_RunPercentage",0.933756636997323
"wavelet.LLH_glrlm_RunVariance",0.965449504689276
"wavelet.LLH_glrlm_ShortRunEmphasis",0.942377642022087
"wavelet.LLH_glrlm_ShortRunHighGrayLevelEmphasis",0.273218477728628
"wavelet.LLH_glrlm_ShortRunLowGrayLevelEmphasis",0.967594179473548
"wavelet.LLH_glszm_GrayLevelNonUniformity",0.997498654981995
"wavelet.LLH_glszm_GrayLevelNonUniformityNormalized",0.964441805169544
"wavelet.LLH_glszm_GrayLevelVariance",0.443489631680728
"wavelet.LLH_glszm_HighGrayLevelZoneEmphasis",0.441217556027491
"wavelet.LLH_glszm_LargeAreaEmphasis",0.999726075786856
"wavelet.LLH_glszm_LargeAreaHighGrayLevelEmphasis",0.999818849128041
"wavelet.LLH_glszm_LargeAreaLowGrayLevelEmphasis",0.998018109843894
"wavelet.LLH_glszm_LowGrayLevelZoneEmphasis",0.93476387553181
"wavelet.LLH_glszm_SizeZoneNonUniformity",0.988034805685307
"wavelet.LLH_glszm_SizeZoneNonUniformityNormalized",0.726684446483545
"wavelet.LLH_glszm_SmallAreaEmphasis",0.81821441232591
"wavelet.LLH_glszm_SmallAreaHighGrayLevelEmphasis",0.15094514604043
"wavelet.LLH_glszm_SmallAreaLowGrayLevelEmphasis",0.875351929353554
"wavelet.LLH_glszm_ZoneEntropy",0.971108507681599
"wavelet.LLH_glszm_ZonePercentage",0.412381358664551
"wavelet.LLH_glszm_ZoneVariance",0.999767433910792
"wavelet.LLH_ngtdm_Busyness",0.830605458036222
"wavelet.LLH_ngtdm_Coarseness",0.704002036479467
"wavelet.LLH_ngtdm_Complexity",0.162201764763462
"wavelet.LLH_ngtdm_Contrast",0.0850764548899891
"wavelet.LLH_ngtdm_Strength",0.122878592336294
"wavelet.LHL_firstorder_10Percentile",0.988962911560391
"wavelet.LHL_firstorder_90Percentile",0.942754840577806
"wavelet.LHL_firstorder_Energy",0.999340148297625
"wavelet.LHL_firstorder_Entropy",0.980848949262597
"wavelet.LHL_firstorder_InterquartileRange",0.991069604623376
"wavelet.LHL_firstorder_Kurtosis",0.890794764665539
"wavelet.LHL_firstorder_Maximum",0.968050778411504
"wavelet.LHL_firstorder_MeanAbsoluteDeviation",0.990797596997539
"wavelet.LHL_firstorder_Mean",0.875912255664684
"wavelet.LHL_firstorder_Median",0.917937732074485
"wavelet.LHL_firstorder_Minimum",0.972423953377518
"wavelet.LHL_firstorder_Range",0.978580494536422
"wavelet.LHL_firstorder_RobustMeanAbsoluteDeviation",0.991529178889796
"wavelet.LHL_firstorder_RootMeanSquared",0.850911720385345
"wavelet.LHL_firstorder_Skewness",0.925763518907394
"wavelet.LHL_firstorder_TotalEnergy",0.999340632271821
"wavelet.LHL_firstorder_Uniformity",0.963164486234535
"wavelet.LHL_firstorder_Variance",0.988391507591843
"wavelet.LHL_glcm_Autocorrelation",0.960858566348252
"wavelet.LHL_glcm_ClusterProminence",0.875596247365014
"wavelet.LHL_glcm_ClusterShade",0.881668361183625
"wavelet.LHL_glcm_ClusterTendency",0.979920623649509
"wavelet.LHL_glcm_Contrast",0.976012316700413
"wavelet.LHL_glcm_Correlation",0.934367481536643
"wavelet.LHL_glcm_DifferenceAverage",0.986938889267064
"wavelet.LHL_glcm_DifferenceEntropy",0.979281167983009
"wavelet.LHL_glcm_DifferenceVariance",0.966341694915356
"wavelet.LHL_glcm_Id",0.979876308199895
"wavelet.LHL_glcm_Idm",0.981244267485302
"wavelet.LHL_glcm_Idmn",0.869706555460183
"wavelet.LHL_glcm_Idn",0.922185277441945
"wavelet.LHL_glcm_Imc1",0.865265932631431
"wavelet.LHL_glcm_Imc2",0.967255454077751
"wavelet.LHL_glcm_InverseVariance",0.948307764307984
"wavelet.LHL_glcm_JointAverage",0.969910028143825
"wavelet.LHL_glcm_JointEnergy",0.889935732900263
"wavelet.LHL_glcm_JointEntropy",0.97462351400027
"wavelet.LHL_glcm_MCC",0.955507679326675
"wavelet.LHL_glcm_MaximumProbability",0.904954391245658
"wavelet.LHL_glcm_SumAverage",0.969910028160335
"wavelet.LHL_glcm_SumEntropy",0.970190855844732
"wavelet.LHL_glcm_SumSquares",0.979204276029249
"wavelet.LHL_gldm_DependenceEntropy",0.82433813739556
"wavelet.LHL_gldm_DependenceNonUniformity",0.999391690582294
"wavelet.LHL_gldm_DependenceNonUniformityNormalized",0.75677830826877
"wavelet.LHL_gldm_DependenceVariance",0.960946396299641
"wavelet.LHL_gldm_GrayLevelNonUniformity",0.999433685784747
"wavelet.LHL_gldm_GrayLevelVariance",0.988145608476599
"wavelet.LHL_gldm_HighGrayLevelEmphasis",0.961686237341894
"wavelet.LHL_gldm_LargeDependenceEmphasis",0.963416172557177
"wavelet.LHL_gldm_LargeDependenceHighGrayLevelEmphasis",0.886078628600331
"wavelet.LHL_gldm_LargeDependenceLowGrayLevelEmphasis",0.699978229642047
"wavelet.LHL_gldm_LowGrayLevelEmphasis",0.845189536533025
"wavelet.LHL_gldm_SmallDependenceEmphasis",0.932901848738903
"wavelet.LHL_gldm_SmallDependenceHighGrayLevelEmphasis",0.992549695599335
"wavelet.LHL_gldm_SmallDependenceLowGrayLevelEmphasis",0.357877622715091
"wavelet.LHL_glrlm_GrayLevelNonUniformity",0.99946871071677
"wavelet.LHL_glrlm_GrayLevelNonUniformityNormalized",0.964490512387765
"wavelet.LHL_glrlm_GrayLevelVariance",0.988024380881548
"wavelet.LHL_glrlm_HighGrayLevelRunEmphasis",0.961262509355475
"wavelet.LHL_glrlm_LongRunEmphasis",0.980283918573012
"wavelet.LHL_glrlm_LongRunHighGrayLevelEmphasis",0.908346640998029
"wavelet.LHL_glrlm_LongRunLowGrayLevelEmphasis",0.844552490791751
"wavelet.LHL_glrlm_LowGrayLevelRunEmphasis",0.849545036670302
"wavelet.LHL_glrlm_RunEntropy",0.932538342028348
"wavelet.LHL_glrlm_RunLengthNonUniformity",0.999270363376088
"wavelet.LHL_glrlm_RunLengthNonUniformityNormalized",0.979280317585911
"wavelet.LHL_glrlm_RunPercentage",0.978818823409224
"wavelet.LHL_glrlm_RunVariance",0.969277796142488
"wavelet.LHL_glrlm_ShortRunEmphasis",0.979301130075069
"wavelet.LHL_glrlm_ShortRunHighGrayLevelEmphasis",0.968819705015185
"wavelet.LHL_glrlm_ShortRunLowGrayLevelEmphasis",0.83585727118145
"wavelet.LHL_glszm_GrayLevelNonUniformity",0.999008183868569
"wavelet.LHL_glszm_GrayLevelNonUniformityNormalized",0.917827678973484
"wavelet.LHL_glszm_GrayLevelVariance",0.9863742176262
"wavelet.LHL_glszm_HighGrayLevelZoneEmphasis",0.959959499377406
"wavelet.LHL_glszm_LargeAreaEmphasis",0.999246671626228
"wavelet.LHL_glszm_LargeAreaHighGrayLevelEmphasis",0.993746015734407
"wavelet.LHL_glszm_LargeAreaLowGrayLevelEmphasis",0.317579900888916
"wavelet.LHL_glszm_LowGrayLevelZoneEmphasis",0.922587386298929
"wavelet.LHL_glszm_SizeZoneNonUniformity",0.997760404705136
"wavelet.LHL_glszm_SizeZoneNonUniformityNormalized",0.828166611962595
"wavelet.LHL_glszm_SmallAreaEmphasis",0.932628625997847
"wavelet.LHL_glszm_SmallAreaHighGrayLevelEmphasis",0.972163496242843
"wavelet.LHL_glszm_SmallAreaLowGrayLevelEmphasis",0.865389476337478
"wavelet.LHL_glszm_ZoneEntropy",0.940370446276186
"wavelet.LHL_glszm_ZonePercentage",0.874867755839503
"wavelet.LHL_glszm_ZoneVariance",0.999781184101724
"wavelet.LHL_ngtdm_Busyness",0.336364093804508
"wavelet.LHL_ngtdm_Coarseness",0.300741305454416
"wavelet.LHL_ngtdm_Complexity",0.964915733491714
"wavelet.LHL_ngtdm_Contrast",0.962178377486878
"wavelet.LHL_ngtdm_Strength",0.873627737771712
"wavelet.LHH_firstorder_10Percentile",0.703186061725402
"wavelet.LHH_firstorder_90Percentile",0.653521307756298
"wavelet.LHH_firstorder_Energy",0.999321916362173
"wavelet.LHH_firstorder_Entropy",0.23814718049447
"wavelet.LHH_firstorder_InterquartileRange",0.547618889849084
"wavelet.LHH_firstorder_Kurtosis",0.964698693466977
"wavelet.LHH_firstorder_Maximum",0.878807790597327
"wavelet.LHH_firstorder_MeanAbsoluteDeviation",0.632016661499667
"wavelet.LHH_firstorder_Mean",0.545679235818968
"wavelet.LHH_firstorder_Median",0.378830317861786
"wavelet.LHH_firstorder_Minimum",0.923194872654619
"wavelet.LHH_firstorder_Range",0.901527764488215
"wavelet.LHH_firstorder_RobustMeanAbsoluteDeviation",0.5796645060563
"wavelet.LHH_firstorder_RootMeanSquared",0.533104524620559
"wavelet.LHH_firstorder_Skewness",0.880519012379291
"wavelet.LHH_firstorder_TotalEnergy",0.999322412562815
"wavelet.LHH_firstorder_Uniformity",0.277593726404751
"wavelet.LHH_firstorder_Variance",0.246468337530531
"wavelet.LHH_glcm_Autocorrelation",0.806392917039494
"wavelet.LHH_glcm_ClusterProminence",0.0253627392020848
"wavelet.LHH_glcm_ClusterShade",0.131079865096241
"wavelet.LHH_glcm_ClusterTendency",0.217723561834861
"wavelet.LHH_glcm_Contrast",0.148521067905273
"wavelet.LHH_glcm_Correlation",0.920152095230416
"wavelet.LHH_glcm_DifferenceAverage",0.48627407314735
"wavelet.LHH_glcm_DifferenceEntropy",0.287382839782342
"wavelet.LHH_glcm_DifferenceVariance",0.082849456745733
"wavelet.LHH_glcm_Id",0.683721304654107
"wavelet.LHH_glcm_Idm",0.616188637563973
"wavelet.LHH_glcm_Idmn",0.959182368513373
"wavelet.LHH_glcm_Idn",0.949537291640964
"wavelet.LHH_glcm_Imc1",0.646114046838692
"wavelet.LHH_glcm_Imc2",0.794387857638198
"wavelet.LHH_glcm_InverseVariance",0.925356733302718
"wavelet.LHH_glcm_JointAverage",0.813921416372122
"wavelet.LHH_glcm_JointEnergy",0.542830837781517
"wavelet.LHH_glcm_JointEntropy",0.25984096512436
"wavelet.LHH_glcm_MCC",0.814071123133368
"wavelet.LHH_glcm_MaximumProbability",0.749609786285021
"wavelet.LHH_glcm_SumAverage",0.813921416329034
"wavelet.LHH_glcm_SumEntropy",0.455753320132427
"wavelet.LHH_glcm_SumSquares",0.0963829642772953
"wavelet.LHH_gldm_DependenceEntropy",0.603925761636927
"wavelet.LHH_gldm_DependenceNonUniformity",0.999371764154785
"wavelet.LHH_gldm_DependenceNonUniformityNormalized",0.527571342984461
"wavelet.LHH_gldm_DependenceVariance",0.835260077789608
"wavelet.LHH_gldm_GrayLevelNonUniformity",0.999326617847643
"wavelet.LHH_gldm_GrayLevelVariance",0.11364368538998
"wavelet.LHH_gldm_HighGrayLevelEmphasis",0.785316721177568
"wavelet.LHH_gldm_LargeDependenceEmphasis",0.832414535918484
"wavelet.LHH_gldm_LargeDependenceHighGrayLevelEmphasis",0.88042370298214
"wavelet.LHH_gldm_LargeDependenceLowGrayLevelEmphasis",0.829518066645188
"wavelet.LHH_gldm_LowGrayLevelEmphasis",0.833038451816637
"wavelet.LHH_gldm_SmallDependenceEmphasis",0.153420929900407
"wavelet.LHH_gldm_SmallDependenceHighGrayLevelEmphasis",0.0538544913613752
"wavelet.LHH_gldm_SmallDependenceLowGrayLevelEmphasis",0.230071402527646
"wavelet.LHH_glrlm_GrayLevelNonUniformity",0.999370196038232
"wavelet.LHH_glrlm_GrayLevelNonUniformityNormalized",0.259092421549952
"wavelet.LHH_glrlm_GrayLevelVariance",0.108733799617784
"wavelet.LHH_glrlm_HighGrayLevelRunEmphasis",0.7860660662234
"wavelet.LHH_glrlm_LongRunEmphasis",0.914326647614557
"wavelet.LHH_glrlm_LongRunHighGrayLevelEmphasis",0.909341050971486
"wavelet.LHH_glrlm_LongRunLowGrayLevelEmphasis",0.848212906887669
"wavelet.LHH_glrlm_LowGrayLevelRunEmphasis",0.827398565228747
"wavelet.LHH_glrlm_RunEntropy",0.836617778266212
"wavelet.LHH_glrlm_RunLengthNonUniformity",0.999424019352619
"wavelet.LHH_glrlm_RunLengthNonUniformityNormalized",0.801175799823206
"wavelet.LHH_glrlm_RunPercentage",0.836180527023219
"wavelet.LHH_glrlm_RunVariance",0.924123898829895
"wavelet.LHH_glrlm_ShortRunEmphasis",0.841261484064997
"wavelet.LHH_glrlm_ShortRunHighGrayLevelEmphasis",0.662156664801247
"wavelet.LHH_glrlm_ShortRunLowGrayLevelEmphasis",0.870528257028149
"wavelet.LHH_glszm_GrayLevelNonUniformity",0.981830862692875
"wavelet.LHH_glszm_GrayLevelNonUniformityNormalized",0.848019841173308
"wavelet.LHH_glszm_GrayLevelVariance",0.860114971337316
"wavelet.LHH_glszm_HighGrayLevelZoneEmphasis",0.89329314111439
"wavelet.LHH_glszm_LargeAreaEmphasis",0.999658628660099
"wavelet.LHH_glszm_LargeAreaHighGrayLevelEmphasis",0.999965594226876
"wavelet.LHH_glszm_LargeAreaLowGrayLevelEmphasis",0.993860855018933
"wavelet.LHH_glszm_LowGrayLevelZoneEmphasis",0.893116043459891
"wavelet.LHH_glszm_SizeZoneNonUniformity",0.982395483371635
"wavelet.LHH_glszm_SizeZoneNonUniformityNormalized",0.863172588403588
"wavelet.LHH_glszm_SmallAreaEmphasis",0.917997605261916
"wavelet.LHH_glszm_SmallAreaHighGrayLevelEmphasis",0.935639623485934
"wavelet.LHH_glszm_SmallAreaLowGrayLevelEmphasis",0.860537229336228
"wavelet.LHH_glszm_ZoneEntropy",0.895127371001155
"wavelet.LHH_glszm_ZonePercentage",0.211586744686703
"wavelet.LHH_glszm_ZoneVariance",0.999968623434448
"wavelet.LHH_ngtdm_Busyness",0.995337112371645
"wavelet.LHH_ngtdm_Coarseness",0.462097523823104
"wavelet.LHH_ngtdm_Complexity",0.620829797092959
"wavelet.LHH_ngtdm_Contrast",0.963167171063949
"wavelet.LHH_ngtdm_Strength",0.386973374833306
"wavelet.HLL_firstorder_10Percentile",0.983186231551777
"wavelet.HLL_firstorder_90Percentile",0.906181321951037
"wavelet.HLL_firstorder_Energy",0.999339780600158
"wavelet.HLL_firstorder_Entropy",0.946929872196183
"wavelet.HLL_firstorder_InterquartileRange",0.986777300889767
"wavelet.HLL_firstorder_Kurtosis",0.971921506502596
"wavelet.HLL_firstorder_Maximum",0.902656171130164
"wavelet.HLL_firstorder_MeanAbsoluteDeviation",0.97623994532989
"wavelet.HLL_firstorder_Mean",0.949505670370357
"wavelet.HLL_firstorder_Median",0.950075691895227
"wavelet.HLL_firstorder_Minimum",0.931318416015129
"wavelet.HLL_firstorder_Range",0.927298603676312
"wavelet.HLL_firstorder_RobustMeanAbsoluteDeviation",0.984972579285689
"wavelet.HLL_firstorder_RootMeanSquared",0.910718581260964
"wavelet.HLL_firstorder_Skewness",0.920762193828181
"wavelet.HLL_firstorder_TotalEnergy",0.999340232094924
"wavelet.HLL_firstorder_Uniformity",0.93738221930078
"wavelet.HLL_firstorder_Variance",0.981220279187667
"wavelet.HLL_glcm_Autocorrelation",0.92389154037097
"wavelet.HLL_glcm_ClusterProminence",0.989501340896204
"wavelet.HLL_glcm_ClusterShade",0.988576988229604
"wavelet.HLL_glcm_ClusterTendency",0.981047488329414
"wavelet.HLL_glcm_Contrast",0.990239802566506
"wavelet.HLL_glcm_Correlation",0.89155992913974
"wavelet.HLL_glcm_DifferenceAverage",0.985039560362148
"wavelet.HLL_glcm_DifferenceEntropy",0.953906730460688
"wavelet.HLL_glcm_DifferenceVariance",0.977344363059181
"wavelet.HLL_glcm_Id",0.974329477518277
"wavelet.HLL_glcm_Idm",0.9748431111165
"wavelet.HLL_glcm_Idmn",0.877404365677711
"wavelet.HLL_glcm_Idn",0.921658264885159
"wavelet.HLL_glcm_Imc1",0.932262803892115
"wavelet.HLL_glcm_Imc2",0.945459469063484
"wavelet.HLL_glcm_InverseVariance",0.973430255615831
"wavelet.HLL_glcm_JointAverage",0.9230890903452
"wavelet.HLL_glcm_JointEnergy",0.884688877111141
"wavelet.HLL_glcm_JointEntropy",0.939234832874169
"wavelet.HLL_glcm_MCC",0.920076316669543
"wavelet.HLL_glcm_MaximumProbability",0.897533989033756
"wavelet.HLL_glcm_SumAverage",0.923089090354108
"wavelet.HLL_glcm_SumEntropy",0.927636065132163
"wavelet.HLL_glcm_SumSquares",0.984174357380333
"wavelet.HLL_gldm_DependenceEntropy",0.791417725494093
"wavelet.HLL_gldm_DependenceNonUniformity",0.99921954745237
"wavelet.HLL_gldm_DependenceNonUniformityNormalized",0.903196009742547
"wavelet.HLL_gldm_DependenceVariance",0.93497066491173
"wavelet.HLL_gldm_GrayLevelNonUniformity",0.999662050950097
"wavelet.HLL_gldm_GrayLevelVariance",0.98103585754152
"wavelet.HLL_gldm_HighGrayLevelEmphasis",0.924719458725523
"wavelet.HLL_gldm_LargeDependenceEmphasis",0.944803618416186
"wavelet.HLL_gldm_LargeDependenceHighGrayLevelEmphasis",0.948414843365439
"wavelet.HLL_gldm_LargeDependenceLowGrayLevelEmphasis",0.504389320221908
"wavelet.HLL_gldm_LowGrayLevelEmphasis",0.690727571088629
"wavelet.HLL_gldm_SmallDependenceEmphasis",0.936275252255461
"wavelet.HLL_gldm_SmallDependenceHighGrayLevelEmphasis",0.962494888699911
"wavelet.HLL_gldm_SmallDependenceLowGrayLevelEmphasis",0.43512386992247
"wavelet.HLL_glrlm_GrayLevelNonUniformity",0.999567965303692
"wavelet.HLL_glrlm_GrayLevelNonUniformityNormalized",0.938839225717626
"wavelet.HLL_glrlm_GrayLevelVariance",0.978468958559844
"wavelet.HLL_glrlm_HighGrayLevelRunEmphasis",0.924230011979208
"wavelet.HLL_glrlm_LongRunEmphasis",0.91415771177655
"wavelet.HLL_glrlm_LongRunHighGrayLevelEmphasis",0.937123603426098
"wavelet.HLL_glrlm_LongRunLowGrayLevelEmphasis",0.446954820036864
"wavelet.HLL_glrlm_LowGrayLevelRunEmphasis",0.718313282691334
"wavelet.HLL_glrlm_RunEntropy",0.874421082377437
"wavelet.HLL_glrlm_RunLengthNonUniformity",0.998823827603006
"wavelet.HLL_glrlm_RunLengthNonUniformityNormalized",0.973711031686593
"wavelet.HLL_glrlm_RunPercentage",0.966926821237063
"wavelet.HLL_glrlm_RunVariance",0.89656703132794
"wavelet.HLL_glrlm_ShortRunEmphasis",0.971306390078361
"wavelet.HLL_glrlm_ShortRunHighGrayLevelEmphasis",0.926992315747883
"wavelet.HLL_glrlm_ShortRunLowGrayLevelEmphasis",0.754317728155578
"wavelet.HLL_glszm_GrayLevelNonUniformity",0.998775240667885
"wavelet.HLL_glszm_GrayLevelNonUniformityNormalized",0.82256456984577
"wavelet.HLL_glszm_GrayLevelVariance",0.94398057787866
"wavelet.HLL_glszm_HighGrayLevelZoneEmphasis",0.917059259429673
"wavelet.HLL_glszm_LargeAreaEmphasis",0.999801592637242
"wavelet.HLL_glszm_LargeAreaHighGrayLevelEmphasis",0.99977772880895
"wavelet.HLL_glszm_LargeAreaLowGrayLevelEmphasis",0.376231430130442
"wavelet.HLL_glszm_LowGrayLevelZoneEmphasis",0.851188997293724
"wavelet.HLL_glszm_SizeZoneNonUniformity",0.997504316539569
"wavelet.HLL_glszm_SizeZoneNonUniformityNormalized",0.890378363707602
"wavelet.HLL_glszm_SmallAreaEmphasis",0.876261456175577
"wavelet.HLL_glszm_SmallAreaHighGrayLevelEmphasis",0.925361617273637
"wavelet.HLL_glszm_SmallAreaLowGrayLevelEmphasis",0.818711931175992
"wavelet.HLL_glszm_ZoneEntropy",0.87583901601905
"wavelet.HLL_glszm_ZonePercentage",0.94744947899683
"wavelet.HLL_glszm_ZoneVariance",0.999828277509342
"wavelet.HLL_ngtdm_Busyness",0.0166972567140372
"wavelet.HLL_ngtdm_Coarseness",0.528440081928063
"wavelet.HLL_ngtdm_Complexity",0.963624595073071
"wavelet.HLL_ngtdm_Contrast",0.926741141451997
"wavelet.HLL_ngtdm_Strength",0.971607046957044
"wavelet.HLH_firstorder_10Percentile",0.835135890296364
"wavelet.HLH_firstorder_90Percentile",0.440421927508486
"wavelet.HLH_firstorder_Energy",0.999321607233138
"wavelet.HLH_firstorder_Entropy",0.50190714031517
"wavelet.HLH_firstorder_InterquartileRange",0.461236345909483
"wavelet.HLH_firstorder_Kurtosis",0.983742761326684
"wavelet.HLH_firstorder_Maximum",0.76777158566355
"wavelet.HLH_firstorder_MeanAbsoluteDeviation",0.517595233297104
"wavelet.HLH_firstorder_Mean",0.096744193558914
"wavelet.HLH_firstorder_Median",0.0848483547408549
"wavelet.HLH_firstorder_Minimum",0.881315418332431
"wavelet.HLH_firstorder_Range",0.825117270709184
"wavelet.HLH_firstorder_RobustMeanAbsoluteDeviation",0.458550632887069
"wavelet.HLH_firstorder_RootMeanSquared",0.0886489883849027
"wavelet.HLH_firstorder_Skewness",0.895911499300513
"wavelet.HLH_firstorder_TotalEnergy",0.999322120906849
"wavelet.HLH_firstorder_Uniformity",0.500894857623433
"wavelet.HLH_firstorder_Variance",0.103472524035964
"wavelet.HLH_glcm_Autocorrelation",0.701560234674669
"wavelet.HLH_glcm_ClusterProminence",0.00397169704332391
"wavelet.HLH_glcm_ClusterShade",0.0563048746252432
"wavelet.HLH_glcm_ClusterTendency",0.0467729806678427
"wavelet.HLH_glcm_Contrast",0.0167667365073394
"wavelet.HLH_glcm_Correlation",0.919807628268781
"wavelet.HLH_glcm_DifferenceAverage",0.106576298618204
"wavelet.HLH_glcm_DifferenceEntropy",0.557743490564584
"wavelet.HLH_glcm_DifferenceVariance",0.0392205748321318
"wavelet.HLH_glcm_Id",0.37707732145985
"wavelet.HLH_glcm_Idm",0.316982905308298
"wavelet.HLH_glcm_Idmn",0.905144493105979
"wavelet.HLH_glcm_Idn",0.856231832813233
"wavelet.HLH_glcm_Imc1",0.560430919532821
"wavelet.HLH_glcm_Imc2",0.83627640321375
"wavelet.HLH_glcm_InverseVariance",0.941802337401566
"wavelet.HLH_glcm_JointAverage",0.835348953455472
"wavelet.HLH_glcm_JointEnergy",0.742522238301492
"wavelet.HLH_glcm_JointEntropy",0.665358544860017
"wavelet.HLH_glcm_MCC",0.80430030822661
"wavelet.HLH_glcm_MaximumProbability",0.842464432810197
"wavelet.HLH_glcm_SumAverage",0.835348953485086
"wavelet.HLH_glcm_SumEntropy",0.720143924942699
"wavelet.HLH_glcm_SumSquares",0.0313506411891449
"wavelet.HLH_gldm_DependenceEntropy",0.66110776984785
"wavelet.HLH_gldm_DependenceNonUniformity",0.999371824718854
"wavelet.HLH_gldm_DependenceNonUniformityNormalized",0.284786825193922
"wavelet.HLH_gldm_DependenceVariance",0.849750197327529
"wavelet.HLH_gldm_GrayLevelNonUniformity",0.999333779134503
"wavelet.HLH_gldm_GrayLevelVariance",0.0347015341028702
"wavelet.HLH_gldm_HighGrayLevelEmphasis",0.613356184673104
"wavelet.HLH_gldm_LargeDependenceEmphasis",0.85762977806835
"wavelet.HLH_gldm_LargeDependenceHighGrayLevelEmphasis",0.959741564366325
"wavelet.HLH_gldm_LargeDependenceLowGrayLevelEmphasis",0.942052308033304
"wavelet.HLH_gldm_LowGrayLevelEmphasis",0.949381676293902
"wavelet.HLH_gldm_SmallDependenceEmphasis",0.105159505580926
"wavelet.HLH_gldm_SmallDependenceHighGrayLevelEmphasis",0.0209771235078567
"wavelet.HLH_gldm_SmallDependenceLowGrayLevelEmphasis",0.33211587640809
"wavelet.HLH_glrlm_GrayLevelNonUniformity",0.999361104443789
"wavelet.HLH_glrlm_GrayLevelNonUniformityNormalized",0.603904673576344
"wavelet.HLH_glrlm_GrayLevelVariance",0.0588810160389708
"wavelet.HLH_glrlm_HighGrayLevelRunEmphasis",0.614288801147162
"wavelet.HLH_glrlm_LongRunEmphasis",0.909669901210321
"wavelet.HLH_glrlm_LongRunHighGrayLevelEmphasis",0.951450065300802
"wavelet.HLH_glrlm_LongRunLowGrayLevelEmphasis",0.944049890520971
"wavelet.HLH_glrlm_LowGrayLevelRunEmphasis",0.949901315944788
"wavelet.HLH_glrlm_RunEntropy",0.890685118786544
"wavelet.HLH_glrlm_RunLengthNonUniformity",0.999352544583632
"wavelet.HLH_glrlm_RunLengthNonUniformityNormalized",0.715625117068181
"wavelet.HLH_glrlm_RunPercentage",0.789982351790718
"wavelet.HLH_glrlm_RunVariance",0.919837538632729
"wavelet.HLH_glrlm_ShortRunEmphasis",0.786717348814818
"wavelet.HLH_glrlm_ShortRunHighGrayLevelEmphasis",0.428319502072994
"wavelet.HLH_glrlm_ShortRunLowGrayLevelEmphasis",0.952903587979257
"wavelet.HLH_glszm_GrayLevelNonUniformity",0.99051400541969
"wavelet.HLH_glszm_GrayLevelNonUniformityNormalized",0.920544314753449
"wavelet.HLH_glszm_GrayLevelVariance",0.707143625872506
"wavelet.HLH_glszm_HighGrayLevelZoneEmphasis",0.773608962759077
"wavelet.HLH_glszm_LargeAreaEmphasis",0.999953520190093
"wavelet.HLH_glszm_LargeAreaHighGrayLevelEmphasis",0.999967700136223
"wavelet.HLH_glszm_LargeAreaLowGrayLevelEmphasis",0.999882455669158
"wavelet.HLH_glszm_LowGrayLevelZoneEmphasis",0.935879873013693
"wavelet.HLH_glszm_SizeZoneNonUniformity",0.990440635593879
"wavelet.HLH_glszm_SizeZoneNonUniformityNormalized",0.874822034516385
"wavelet.HLH_glszm_SmallAreaEmphasis",0.854412777255293
"wavelet.HLH_glszm_SmallAreaHighGrayLevelEmphasis",0.668894996462747
"wavelet.HLH_glszm_SmallAreaLowGrayLevelEmphasis",0.872531954570734
"wavelet.HLH_glszm_ZoneEntropy",0.932915420114328
"wavelet.HLH_glszm_ZonePercentage",0.17184761710048
"wavelet.HLH_glszm_ZoneVariance",0.999972708312189
"wavelet.HLH_ngtdm_Busyness",0.990963159884943
"wavelet.HLH_ngtdm_Coarseness",0.518613059025751
"wavelet.HLH_ngtdm_Complexity",0.29503364666418
"wavelet.HLH_ngtdm_Contrast",0.45537750407278
"wavelet.HLH_ngtdm_Strength",0.0323122136575544
"wavelet.HHL_firstorder_10Percentile",0.98482475783316
"wavelet.HHL_firstorder_90Percentile",0.991076184973554
"wavelet.HHL_firstorder_Energy",0.99932337763142
"wavelet.HHL_firstorder_Entropy",0.982625794997425
"wavelet.HHL_firstorder_InterquartileRange",0.991083010363284
"wavelet.HHL_firstorder_Kurtosis",0.964841143847514
"wavelet.HHL_firstorder_Maximum",0.959148872215401
"wavelet.HHL_firstorder_MeanAbsoluteDeviation",0.988637031034495
"wavelet.HHL_firstorder_Mean",0.935720188205663
"wavelet.HHL_firstorder_Median",0.912567476338937
"wavelet.HHL_firstorder_Minimum",0.966209425726054
"wavelet.HHL_firstorder_Range",0.962461439058493
"wavelet.HHL_firstorder_RobustMeanAbsoluteDeviation",0.989561661596575
"wavelet.HHL_firstorder_RootMeanSquared",0.953155204016696
"wavelet.HHL_firstorder_Skewness",0.950636308801075
"wavelet.HHL_firstorder_TotalEnergy",0.999323873084204
"wavelet.HHL_firstorder_Uniformity",0.97973921894331
"wavelet.HHL_firstorder_Variance",0.992316929498965
"wavelet.HHL_glcm_Autocorrelation",0.962008487143448
"wavelet.HHL_glcm_ClusterProminence",0.994479424242981
"wavelet.HHL_glcm_ClusterShade",0.986406744493455
"wavelet.HHL_glcm_ClusterTendency",0.991672312182813
"wavelet.HHL_glcm_Contrast",0.993597698176664
"wavelet.HHL_glcm_Correlation",0.875200654869008
"wavelet.HHL_glcm_DifferenceAverage",0.989781554628015
"wavelet.HHL_glcm_DifferenceEntropy",0.9828148719619
"wavelet.HHL_glcm_DifferenceVariance",0.988385199791773
"wavelet.HHL_glcm_Id",0.984514307661733
"wavelet.HHL_glcm_Idm",0.985624051830369
"wavelet.HHL_glcm_Idmn",0.887240836808794
"wavelet.HHL_glcm_Idn",0.909929676935344
"wavelet.HHL_glcm_Imc1",0.893831950700836
"wavelet.HHL_glcm_Imc2",0.971031653370245
"wavelet.HHL_glcm_InverseVariance",0.927774916121502
"wavelet.HHL_glcm_JointAverage",0.963474190703165
"wavelet.HHL_glcm_JointEnergy",0.972208594273979
"wavelet.HHL_glcm_JointEntropy",0.981641797552826
"wavelet.HHL_glcm_MCC",0.958963934396047
"wavelet.HHL_glcm_MaximumProbability",0.938848661338139
"wavelet.HHL_glcm_SumAverage",0.963474190699595
"wavelet.HHL_glcm_SumEntropy",0.976577136507012
"wavelet.HHL_glcm_SumSquares",0.992648543174261
"wavelet.HHL_gldm_DependenceEntropy",0.778430236895843
"wavelet.HHL_gldm_DependenceNonUniformity",0.999440313484322
"wavelet.HHL_gldm_DependenceNonUniformityNormalized",0.521022286687373
"wavelet.HHL_gldm_DependenceVariance",0.851564443636015
"wavelet.HHL_gldm_GrayLevelNonUniformity",0.999369071565518
"wavelet.HHL_gldm_GrayLevelVariance",0.992405364711114
"wavelet.HHL_gldm_HighGrayLevelEmphasis",0.962991762435441
"wavelet.HHL_gldm_LargeDependenceEmphasis",0.90297216638105
"wavelet.HHL_gldm_LargeDependenceHighGrayLevelEmphasis",0.962560075999192
"wavelet.HHL_gldm_LargeDependenceLowGrayLevelEmphasis",0.912625153466713
"wavelet.HHL_gldm_LowGrayLevelEmphasis",0.902017043727189
"wavelet.HHL_gldm_SmallDependenceEmphasis",0.868785323919979
"wavelet.HHL_gldm_SmallDependenceHighGrayLevelEmphasis",0.974445078218421
"wavelet.HHL_gldm_SmallDependenceLowGrayLevelEmphasis",0.741042295677364
"wavelet.HHL_glrlm_GrayLevelNonUniformity",0.999376949604466
"wavelet.HHL_glrlm_GrayLevelNonUniformityNormalized",0.980564927618175
"wavelet.HHL_glrlm_GrayLevelVariance",0.989693712400978
"wavelet.HHL_glrlm_HighGrayLevelRunEmphasis",0.963132821648519
"wavelet.HHL_glrlm_LongRunEmphasis",0.9468649100773
"wavelet.HHL_glrlm_LongRunHighGrayLevelEmphasis",0.970861529401833
"wavelet.HHL_glrlm_LongRunLowGrayLevelEmphasis",0.938383167802079
"wavelet.HHL_glrlm_LowGrayLevelRunEmphasis",0.904045746117628
"wavelet.HHL_glrlm_RunEntropy",0.926749233207435
"wavelet.HHL_glrlm_RunLengthNonUniformity",0.999273839370121
"wavelet.HHL_glrlm_RunLengthNonUniformityNormalized",0.948976439563256
"wavelet.HHL_glrlm_RunPercentage",0.95058947171673
"wavelet.HHL_glrlm_RunVariance",0.944249197680902
"wavelet.HHL_glrlm_ShortRunEmphasis",0.965348811971786
"wavelet.HHL_glrlm_ShortRunHighGrayLevelEmphasis",0.964892546446425
"wavelet.HHL_glrlm_ShortRunLowGrayLevelEmphasis",0.892922450518291
"wavelet.HHL_glszm_GrayLevelNonUniformity",0.999032370267806
"wavelet.HHL_glszm_GrayLevelNonUniformityNormalized",0.920605306164776
"wavelet.HHL_glszm_GrayLevelVariance",0.956510177315595
"wavelet.HHL_glszm_HighGrayLevelZoneEmphasis",0.956007977280035
"wavelet.HHL_glszm_LargeAreaEmphasis",0.999814420944166
"wavelet.HHL_glszm_LargeAreaHighGrayLevelEmphasis",0.999955835470003
"wavelet.HHL_glszm_LargeAreaLowGrayLevelEmphasis",0.997956416115539
"wavelet.HHL_glszm_LowGrayLevelZoneEmphasis",0.950008792520949
"wavelet.HHL_glszm_SizeZoneNonUniformity",0.998446441839713
"wavelet.HHL_glszm_SizeZoneNonUniformityNormalized",0.925348011707819
"wavelet.HHL_glszm_SmallAreaEmphasis",0.904182267512542
"wavelet.HHL_glszm_SmallAreaHighGrayLevelEmphasis",0.938542609317039
"wavelet.HHL_glszm_SmallAreaLowGrayLevelEmphasis",0.89566567301962
"wavelet.HHL_glszm_ZoneEntropy",0.960280488447885
"wavelet.HHL_glszm_ZonePercentage",0.729079350741879
"wavelet.HHL_glszm_ZoneVariance",0.999863001378465
"wavelet.HHL_ngtdm_Busyness",0.983863499925884
"wavelet.HHL_ngtdm_Coarseness",0.288742393241768
"wavelet.HHL_ngtdm_Complexity",0.970748542935705
"wavelet.HHL_ngtdm_Contrast",0.889681213978478
"wavelet.HHL_ngtdm_Strength",0.883473451065287
"wavelet.HHH_firstorder_10Percentile",0.397292676237644
"wavelet.HHH_firstorder_90Percentile",0.542217504081502
"wavelet.HHH_firstorder_Energy",0.999321942832906
"wavelet.HHH_firstorder_Entropy",0.0575789478437884
"wavelet.HHH_firstorder_InterquartileRange",0.455101187530805
"wavelet.HHH_firstorder_Kurtosis",0.932549558785587
"wavelet.HHH_firstorder_Maximum",0.859425982760533
"wavelet.HHH_firstorder_MeanAbsoluteDeviation",0.49314220075955
"wavelet.HHH_firstorder_Mean",0.11050669827337
"wavelet.HHH_firstorder_Median",0.161254490121372
"wavelet.HHH_firstorder_Minimum",0.833163074627279
"wavelet.HHH_firstorder_Range",0.847431371792629
"wavelet.HHH_firstorder_RobustMeanAbsoluteDeviation",0.468623069434921
"wavelet.HHH_firstorder_RootMeanSquared",0.112453941533224
"wavelet.HHH_firstorder_Skewness",0.887209924633867
"wavelet.HHH_firstorder_TotalEnergy",0.999322434218013
"wavelet.HHH_firstorder_Uniformity",0.168524024682109
"wavelet.HHH_firstorder_Variance",0.0809382027486992
"wavelet.HHH_glcm_Autocorrelation",0.103408862292417
"wavelet.HHH_glcm_ClusterProminence",0.0230499522203832
"wavelet.HHH_glcm_ClusterShade",0.494875220039125
"wavelet.HHH_glcm_ClusterTendency",0.314947337079659
"wavelet.HHH_glcm_Contrast",0.363638362364609
"wavelet.HHH_glcm_Correlation",0.812408634027101
"wavelet.HHH_glcm_DifferenceAverage",0.689922271899672
"wavelet.HHH_glcm_DifferenceEntropy",0.590658385638634
"wavelet.HHH_glcm_DifferenceVariance",0.433300085252481
"wavelet.HHH_glcm_Id",0.786693176668563
"wavelet.HHH_glcm_Idm",0.755237216520509
"wavelet.HHH_glcm_Idmn",0.781390354809798
"wavelet.HHH_glcm_Idn",0.823730286480398
"wavelet.HHH_glcm_Imc1",0.694742025057
"wavelet.HHH_glcm_Imc2",0.904196505385391
"wavelet.HHH_glcm_InverseVariance",0.82813881122677
"wavelet.HHH_glcm_JointAverage",0.160245141638757
"wavelet.HHH_glcm_JointEnergy",0.502038696517648
"wavelet.HHH_glcm_JointEntropy",0.294098527675165
"wavelet.HHH_glcm_MCC",0.907053426578373
"wavelet.HHH_glcm_MaximumProbability",0.71894746973013
"wavelet.HHH_glcm_SumAverage",0.160245142652259
"wavelet.HHH_glcm_SumEntropy",0.412445988144751
"wavelet.HHH_glcm_SumSquares",0.0782322598996681
"wavelet.HHH_gldm_DependenceEntropy",0.496719925801449
"wavelet.HHH_gldm_DependenceNonUniformity",0.999400690842221
"wavelet.HHH_gldm_DependenceNonUniformityNormalized",0.361425395637566
"wavelet.HHH_gldm_DependenceVariance",0.793909905228896
"wavelet.HHH_gldm_GrayLevelNonUniformity",0.999322180961004
"wavelet.HHH_gldm_GrayLevelVariance",0.0329357084218252
"wavelet.HHH_gldm_HighGrayLevelEmphasis",0.0516542730225617
"wavelet.HHH_gldm_LargeDependenceEmphasis",0.827921161646717
"wavelet.HHH_gldm_LargeDependenceHighGrayLevelEmphasis",0.838822308168879
"wavelet.HHH_gldm_LargeDependenceLowGrayLevelEmphasis",0.828539764648986
"wavelet.HHH_gldm_LowGrayLevelEmphasis",0.261244660323348
"wavelet.HHH_gldm_SmallDependenceEmphasis",0.712906250131766
"wavelet.HHH_gldm_SmallDependenceHighGrayLevelEmphasis",0.440302875660739
"wavelet.HHH_gldm_SmallDependenceLowGrayLevelEmphasis",0.80497039763415
"wavelet.HHH_glrlm_GrayLevelNonUniformity",0.999333575096053
"wavelet.HHH_glrlm_GrayLevelNonUniformityNormalized",0.0137315362787038
"wavelet.HHH_glrlm_GrayLevelVariance",0.000756928813844626
"wavelet.HHH_glrlm_HighGrayLevelRunEmphasis",0.0138847452940039
"wavelet.HHH_glrlm_LongRunEmphasis",0.930741222527055
"wavelet.HHH_glrlm_LongRunHighGrayLevelEmphasis",0.762697350085362
"wavelet.HHH_glrlm_LongRunLowGrayLevelEmphasis",0.90880275970133
"wavelet.HHH_glrlm_LowGrayLevelRunEmphasis",0.136538132813147
"wavelet.HHH_glrlm_RunEntropy",0.830847115847095
"wavelet.HHH_glrlm_RunLengthNonUniformity",0.99933886438931
"wavelet.HHH_glrlm_RunLengthNonUniformityNormalized",0.86882657292489
"wavelet.HHH_glrlm_RunPercentage",0.89636921733874
"wavelet.HHH_glrlm_RunVariance",0.930197627714755
"wavelet.HHH_glrlm_ShortRunEmphasis",0.900098765496026
"wavelet.HHH_glrlm_ShortRunHighGrayLevelEmphasis",0.321611618961078
"wavelet.HHH_glrlm_ShortRunLowGrayLevelEmphasis",0.72824568918946
"wavelet.HHH_glszm_GrayLevelNonUniformity",0.89167250650181
"wavelet.HHH_glszm_GrayLevelNonUniformityNormalized",0.679374141024628
"wavelet.HHH_glszm_GrayLevelVariance",0.383583559200611
"wavelet.HHH_glszm_HighGrayLevelZoneEmphasis",0.723000883362402
"wavelet.HHH_glszm_LargeAreaEmphasis",0.999986996413645
"wavelet.HHH_glszm_LargeAreaHighGrayLevelEmphasis",0.999986682890814
"wavelet.HHH_glszm_LargeAreaLowGrayLevelEmphasis",0.999987302980347
"wavelet.HHH_glszm_LowGrayLevelZoneEmphasis",0.820283270205147
"wavelet.HHH_glszm_SizeZoneNonUniformity",0.941332974276005
"wavelet.HHH_glszm_SizeZoneNonUniformityNormalized",0.891416171111709
"wavelet.HHH_glszm_SmallAreaEmphasis",0.856050688107013
"wavelet.HHH_glszm_SmallAreaHighGrayLevelEmphasis",0.853751293963792
"wavelet.HHH_glszm_SmallAreaLowGrayLevelEmphasis",0.847248551642971
"wavelet.HHH_glszm_ZoneEntropy",0.913945247936073
"wavelet.HHH_glszm_ZonePercentage",0.558095464770853
"wavelet.HHH_glszm_ZoneVariance",0.999939470386044
"wavelet.HHH_ngtdm_Busyness",0.999414081984835
"wavelet.HHH_ngtdm_Coarseness",0.241015214159968
"wavelet.HHH_ngtdm_Complexity",0.339324174023356
"wavelet.HHH_ngtdm_Contrast",0.722107415057565
"wavelet.HHH_ngtdm_Strength",0.196392162561618
"wavelet.LLL_firstorder_10Percentile",0.700294568920638
"wavelet.LLL_firstorder_90Percentile",0.991174911776997
"wavelet.LLL_firstorder_Energy",0.998639440309651
"wavelet.LLL_firstorder_Entropy",0.852127256908073
"wavelet.LLL_firstorder_InterquartileRange",0.833195154351711
"wavelet.LLL_firstorder_Kurtosis",0.790505957923419
"wavelet.LLL_firstorder_Maximum",0.954097970075941
"wavelet.LLL_firstorder_MeanAbsoluteDeviation",0.833544435088572
"wavelet.LLL_firstorder_Mean",0.956014506917509
"wavelet.LLL_firstorder_Median",0.980691050634838
"wavelet.LLL_firstorder_Minimum",0.814552752532456
"wavelet.LLL_firstorder_Range",0.886455581525686
"wavelet.LLL_firstorder_RobustMeanAbsoluteDeviation",0.821954260564449
"wavelet.LLL_firstorder_RootMeanSquared",0.986753068687931
"wavelet.LLL_firstorder_Skewness",0.899217598915409
"wavelet.LLL_firstorder_TotalEnergy",0.998639912742327
"wavelet.LLL_firstorder_Uniformity",0.48444284950889
"wavelet.LLL_firstorder_Variance",0.762438670477984
"wavelet.LLL_glcm_Autocorrelation",0.851811078782878
"wavelet.LLL_glcm_ClusterProminence",0.635565846899672
"wavelet.LLL_glcm_ClusterShade",0.724358646027673
"wavelet.LLL_glcm_ClusterTendency",0.73950630485835
"wavelet.LLL_glcm_Contrast",0.931277719182632
"wavelet.LLL_glcm_Correlation",0.860759528120598
"wavelet.LLL_glcm_DifferenceAverage",0.946141052017925
"wavelet.LLL_glcm_DifferenceEntropy",0.88616602513875
"wavelet.LLL_glcm_DifferenceVariance",0.910495605099558
"wavelet.LLL_glcm_Id",0.916356551979103
"wavelet.LLL_glcm_Idm",0.92043330172628
"wavelet.LLL_glcm_Idmn",0.861482752322387
"wavelet.LLL_glcm_Idn",0.899854828048981
"wavelet.LLL_glcm_Imc1",0.850288127711495
"wavelet.LLL_glcm_Imc2",0.595306040958606
"wavelet.LLL_glcm_InverseVariance",0.952996427679021
"wavelet.LLL_glcm_JointAverage",0.863141890443981
"wavelet.LLL_glcm_JointEnergy",0.123329387343222
"wavelet.LLL_glcm_JointEntropy",0.860690188012399
"wavelet.LLL_glcm_MCC",0.820785266953791
"wavelet.LLL_glcm_MaximumProbability",0.399056310305513
"wavelet.LLL_glcm_SumAverage",0.86314189042989
"wavelet.LLL_glcm_SumEntropy",0.812329952358606
"wavelet.LLL_glcm_SumSquares",0.75955144395698
"wavelet.LLL_gldm_DependenceEntropy",0.798205364359991
"wavelet.LLL_gldm_DependenceNonUniformity",0.998807917139552
"wavelet.LLL_gldm_DependenceNonUniformityNormalized",0.899255202436884
"wavelet.LLL_gldm_DependenceVariance",0.948409732349765
"wavelet.LLL_gldm_GrayLevelNonUniformity",0.996707061158644
"wavelet.LLL_gldm_GrayLevelVariance",0.762595759523322
"wavelet.LLL_gldm_HighGrayLevelEmphasis",0.853831178146445
"wavelet.LLL_gldm_LargeDependenceEmphasis",0.513830273304793
"wavelet.LLL_gldm_LargeDependenceHighGrayLevelEmphasis",0.710434432493647
"wavelet.LLL_gldm_LargeDependenceLowGrayLevelEmphasis",0.00429304777209811
"wavelet.LLL_gldm_LowGrayLevelEmphasis",0.233503497381181
"wavelet.LLL_gldm_SmallDependenceEmphasis",0.96122158597988
"wavelet.LLL_gldm_SmallDependenceHighGrayLevelEmphasis",0.876146160824203
"wavelet.LLL_gldm_SmallDependenceLowGrayLevelEmphasis",0.357702345579092
"wavelet.LLL_glrlm_GrayLevelNonUniformity",0.999400116559073
"wavelet.LLL_glrlm_GrayLevelNonUniformityNormalized",0.42233888339228
"wavelet.LLL_glrlm_GrayLevelVariance",0.775472777432968
"wavelet.LLL_glrlm_HighGrayLevelRunEmphasis",0.852646082166325
"wavelet.LLL_glrlm_LongRunEmphasis",0.0698460876111643
"wavelet.LLL_glrlm_LongRunHighGrayLevelEmphasis",0.831428190089633
"wavelet.LLL_glrlm_LongRunLowGrayLevelEmphasis",0.00157591247048981
"wavelet.LLL_glrlm_LowGrayLevelRunEmphasis",0.224604306225719
"wavelet.LLL_glrlm_RunEntropy",0.840383432285822
"wavelet.LLL_glrlm_RunLengthNonUniformity",0.99906981460958
"wavelet.LLL_glrlm_RunLengthNonUniformityNormalized",0.89850234214865
"wavelet.LLL_glrlm_RunPercentage",0.813821471193285
"wavelet.LLL_glrlm_RunVariance",0.27572347135781
"wavelet.LLL_glrlm_ShortRunEmphasis",0.694752505703093
"wavelet.LLL_glrlm_ShortRunHighGrayLevelEmphasis",0.855954969476441
"wavelet.LLL_glrlm_ShortRunLowGrayLevelEmphasis",0.646499289130284
"wavelet.LLL_glszm_GrayLevelNonUniformity",0.998275972415488
"wavelet.LLL_glszm_GrayLevelNonUniformityNormalized",0.263165811836989
"wavelet.LLL_glszm_GrayLevelVariance",0.834619243525691
"wavelet.LLL_glszm_HighGrayLevelZoneEmphasis",0.84338249443522
"wavelet.LLL_glszm_LargeAreaEmphasis",0.05120840365093
"wavelet.LLL_glszm_LargeAreaHighGrayLevelEmphasis",0.956357432345788
"wavelet.LLL_glszm_LargeAreaLowGrayLevelEmphasis",-4.60249735996351e-05
"wavelet.LLL_glszm_LowGrayLevelZoneEmphasis",0.298637130601461
"wavelet.LLL_glszm_SizeZoneNonUniformity",0.996844259228254
"wavelet.LLL_glszm_SizeZoneNonUniformityNormalized",0.940275892381566
"wavelet.LLL_glszm_SmallAreaEmphasis",0.901222715181334
"wavelet.LLL_glszm_SmallAreaHighGrayLevelEmphasis",0.85136268546551
"wavelet.LLL_glszm_SmallAreaLowGrayLevelEmphasis",0.532353915559588
"wavelet.LLL_glszm_ZoneEntropy",0.793953458092239
"wavelet.LLL_glszm_ZonePercentage",0.967604847230434
"wavelet.LLL_glszm_ZoneVariance",0.182366750533853
"wavelet.LLL_ngtdm_Busyness",0.984828476975794
"wavelet.LLL_ngtdm_Coarseness",-2.76680913549819e-08
"wavelet.LLL_ngtdm_Complexity",0.901113441794472
"wavelet.LLL_ngtdm_Contrast",0.942711154978983
"wavelet.LLL_ngtdm_Strength",0.809172177155063
"log.sigma.1.mm.3D_firstorder_10Percentile",0.973819340852557
"log.sigma.1.mm.3D_firstorder_90Percentile",0.894616973999303
"log.sigma.1.mm.3D_firstorder_Energy",0.999359654262436
"log.sigma.1.mm.3D_firstorder_Entropy",0.933991684634981
"log.sigma.1.mm.3D_firstorder_InterquartileRange",0.969382528067352
"log.sigma.1.mm.3D_firstorder_Kurtosis",0.98001641213337
"log.sigma.1.mm.3D_firstorder_Maximum",0.925870756634088
"log.sigma.1.mm.3D_firstorder_MeanAbsoluteDeviation",0.957609963499896
"log.sigma.1.mm.3D_firstorder_Mean",0.942687770267199
"log.sigma.1.mm.3D_firstorder_Median",0.952317752138001
"log.sigma.1.mm.3D_firstorder_Minimum",0.937080234948072
"log.sigma.1.mm.3D_firstorder_Range",0.937152849286544
"log.sigma.1.mm.3D_firstorder_RobustMeanAbsoluteDeviation",0.96591811147051
"log.sigma.1.mm.3D_firstorder_RootMeanSquared",0.93707778662712
"log.sigma.1.mm.3D_firstorder_Skewness",0.962344723094697
"log.sigma.1.mm.3D_firstorder_TotalEnergy",0.999360093037427
"log.sigma.1.mm.3D_firstorder_Uniformity",0.885724013084524
"log.sigma.1.mm.3D_firstorder_Variance",0.968829468398334
"log.sigma.1.mm.3D_glcm_Autocorrelation",0.945200383530781
"log.sigma.1.mm.3D_glcm_ClusterProminence",0.959651399843174
"log.sigma.1.mm.3D_glcm_ClusterShade",0.92389906871135
"log.sigma.1.mm.3D_glcm_ClusterTendency",0.963028453048269
"log.sigma.1.mm.3D_glcm_Contrast",0.982162033217316
"log.sigma.1.mm.3D_glcm_Correlation",0.767148236735514
"log.sigma.1.mm.3D_glcm_DifferenceAverage",0.975302120434064
"log.sigma.1.mm.3D_glcm_DifferenceEntropy",0.91626455080275
"log.sigma.1.mm.3D_glcm_DifferenceVariance",0.955129020388352
"log.sigma.1.mm.3D_glcm_Id",0.963671110699252
"log.sigma.1.mm.3D_glcm_Idm",0.966215012058616
"log.sigma.1.mm.3D_glcm_Idmn",0.829426750241285
"log.sigma.1.mm.3D_glcm_Idn",0.910228808412135
"log.sigma.1.mm.3D_glcm_Imc1",0.807386342332842
"log.sigma.1.mm.3D_glcm_Imc2",0.854164421994615
"log.sigma.1.mm.3D_glcm_InverseVariance",0.894989645279758
"log.sigma.1.mm.3D_glcm_JointAverage",0.929647092843549
"log.sigma.1.mm.3D_glcm_JointEnergy",0.783603516730838
"log.sigma.1.mm.3D_glcm_JointEntropy",0.934320528599424
"log.sigma.1.mm.3D_glcm_MCC",0.824606470775432
"log.sigma.1.mm.3D_glcm_MaximumProbability",0.905362483735974
"log.sigma.1.mm.3D_glcm_SumAverage",0.929647092831987
"log.sigma.1.mm.3D_glcm_SumEntropy",0.901799859553928
"log.sigma.1.mm.3D_glcm_SumSquares",0.969176750496272
"log.sigma.1.mm.3D_gldm_DependenceEntropy",0.729802180952578
"log.sigma.1.mm.3D_gldm_DependenceNonUniformity",0.999165645731117
"log.sigma.1.mm.3D_gldm_DependenceNonUniformityNormalized",0.503056709319276
"log.sigma.1.mm.3D_gldm_DependenceVariance",0.977022514412762
"log.sigma.1.mm.3D_gldm_GrayLevelNonUniformity",0.999675808966763
"log.sigma.1.mm.3D_gldm_GrayLevelVariance",0.967867035208688
"log.sigma.1.mm.3D_gldm_HighGrayLevelEmphasis",0.945435327959464
"log.sigma.1.mm.3D_gldm_LargeDependenceEmphasis",0.939163272506239
"log.sigma.1.mm.3D_gldm_LargeDependenceHighGrayLevelEmphasis",0.962003116254549
"log.sigma.1.mm.3D_gldm_LargeDependenceLowGrayLevelEmphasis",0.38927140283716
"log.sigma.1.mm.3D_gldm_LowGrayLevelEmphasis",0.661854765624613
"log.sigma.1.mm.3D_gldm_SmallDependenceEmphasis",0.615456646121134
"log.sigma.1.mm.3D_gldm_SmallDependenceHighGrayLevelEmphasis",0.969363749611425
"log.sigma.1.mm.3D_gldm_SmallDependenceLowGrayLevelEmphasis",0.270174976124454
"log.sigma.1.mm.3D_glrlm_GrayLevelNonUniformity",0.99949286440545
"log.sigma.1.mm.3D_glrlm_GrayLevelNonUniformityNormalized",0.876323897957895
"log.sigma.1.mm.3D_glrlm_GrayLevelVariance",0.963775083355977
"log.sigma.1.mm.3D_glrlm_HighGrayLevelRunEmphasis",0.946794939410837
"log.sigma.1.mm.3D_glrlm_LongRunEmphasis",0.758066967339696
"log.sigma.1.mm.3D_glrlm_LongRunHighGrayLevelEmphasis",0.965919791579541
"log.sigma.1.mm.3D_glrlm_LongRunLowGrayLevelEmphasis",0.121053743467651
"log.sigma.1.mm.3D_glrlm_LowGrayLevelRunEmphasis",0.681876355761665
"log.sigma.1.mm.3D_glrlm_RunEntropy",0.842228249996853
"log.sigma.1.mm.3D_glrlm_RunLengthNonUniformity",0.998359029239539
"log.sigma.1.mm.3D_glrlm_RunLengthNonUniformityNormalized",0.966094044349562
"log.sigma.1.mm.3D_glrlm_RunPercentage",0.958051618926857
"log.sigma.1.mm.3D_glrlm_RunVariance",0.889783908308083
"log.sigma.1.mm.3D_glrlm_ShortRunEmphasis",0.947683740966701
"log.sigma.1.mm.3D_glrlm_ShortRunHighGrayLevelEmphasis",0.955284176751511
"log.sigma.1.mm.3D_glrlm_ShortRunLowGrayLevelEmphasis",0.774202960620802
"log.sigma.1.mm.3D_glszm_GrayLevelNonUniformity",0.995938759345643
"log.sigma.1.mm.3D_glszm_GrayLevelNonUniformityNormalized",0.768767166899091
"log.sigma.1.mm.3D_glszm_GrayLevelVariance",0.929883936191091
"log.sigma.1.mm.3D_glszm_HighGrayLevelZoneEmphasis",0.941456268858453
"log.sigma.1.mm.3D_glszm_LargeAreaEmphasis",0.999935131729646
"log.sigma.1.mm.3D_glszm_LargeAreaHighGrayLevelEmphasis",0.99984394967246
"log.sigma.1.mm.3D_glszm_LargeAreaLowGrayLevelEmphasis",0.945258160247292
"log.sigma.1.mm.3D_glszm_LowGrayLevelZoneEmphasis",0.875290930152547
"log.sigma.1.mm.3D_glszm_SizeZoneNonUniformity",0.996831179279771
"log.sigma.1.mm.3D_glszm_SizeZoneNonUniformityNormalized",0.76380624695587
"log.sigma.1.mm.3D_glszm_SmallAreaEmphasis",0.861891984548202
"log.sigma.1.mm.3D_glszm_SmallAreaHighGrayLevelEmphasis",0.945660291465736
"log.sigma.1.mm.3D_glszm_SmallAreaLowGrayLevelEmphasis",0.883210109253939
"log.sigma.1.mm.3D_glszm_ZoneEntropy",0.902634920452946
"log.sigma.1.mm.3D_glszm_ZonePercentage",0.658876523923206
"log.sigma.1.mm.3D_glszm_ZoneVariance",0.999939509781994
"log.sigma.1.mm.3D_ngtdm_Busyness",0.993689903792227
"log.sigma.1.mm.3D_ngtdm_Coarseness",0.576976709214423
"log.sigma.1.mm.3D_ngtdm_Complexity",0.974387608756824
"log.sigma.1.mm.3D_ngtdm_Contrast",0.948606928738009
"log.sigma.1.mm.3D_ngtdm_Strength",0.765638402256799
"log.sigma.2.mm.3D_firstorder_10Percentile",0.978173420917506
"log.sigma.2.mm.3D_firstorder_90Percentile",0.932889515796602
"log.sigma.2.mm.3D_firstorder_Energy",0.999421826928953
"log.sigma.2.mm.3D_firstorder_Entropy",0.905858433828604
"log.sigma.2.mm.3D_firstorder_InterquartileRange",0.932268720596337
"log.sigma.2.mm.3D_firstorder_Kurtosis",0.957403649505763
"log.sigma.2.mm.3D_firstorder_Maximum",0.942221264527959
"log.sigma.2.mm.3D_firstorder_MeanAbsoluteDeviation",0.925187808759059
"log.sigma.2.mm.3D_firstorder_Mean",0.981414264753535
"log.sigma.2.mm.3D_firstorder_Median",0.984249622847399
"log.sigma.2.mm.3D_firstorder_Minimum",0.95786508224297
"log.sigma.2.mm.3D_firstorder_Range",0.946631012845828
"log.sigma.2.mm.3D_firstorder_RobustMeanAbsoluteDeviation",0.928976935374931
"log.sigma.2.mm.3D_firstorder_RootMeanSquared",0.979833698820347
"log.sigma.2.mm.3D_firstorder_Skewness",0.948205102103344
"log.sigma.2.mm.3D_firstorder_TotalEnergy",0.999422197594132
"log.sigma.2.mm.3D_firstorder_Uniformity",0.835255216023068
"log.sigma.2.mm.3D_firstorder_Variance",0.934772800753279
"log.sigma.2.mm.3D_glcm_Autocorrelation",0.965053822396327
"log.sigma.2.mm.3D_glcm_ClusterProminence",0.950325567610899
"log.sigma.2.mm.3D_glcm_ClusterShade",0.90950614895373
"log.sigma.2.mm.3D_glcm_ClusterTendency",0.927449951757274
"log.sigma.2.mm.3D_glcm_Contrast",0.970080408277549
"log.sigma.2.mm.3D_glcm_Correlation",0.836126450631194
"log.sigma.2.mm.3D_glcm_DifferenceAverage",0.963635901583036
"log.sigma.2.mm.3D_glcm_DifferenceEntropy",0.921864054354233
"log.sigma.2.mm.3D_glcm_DifferenceVariance",0.956980811579831
"log.sigma.2.mm.3D_glcm_Id",0.958498161627182
"log.sigma.2.mm.3D_glcm_Idm",0.960379070329024
"log.sigma.2.mm.3D_glcm_Idmn",0.776170373987891
"log.sigma.2.mm.3D_glcm_Idn",0.903944433182323
"log.sigma.2.mm.3D_glcm_Imc1",0.852932787195977
"log.sigma.2.mm.3D_glcm_Imc2",0.742126134512869
"log.sigma.2.mm.3D_glcm_InverseVariance",0.935354008056405
"log.sigma.2.mm.3D_glcm_JointAverage",0.946147854079272
"log.sigma.2.mm.3D_glcm_JointEnergy",0.790158986966002
"log.sigma.2.mm.3D_glcm_JointEntropy",0.919227599029466
"log.sigma.2.mm.3D_glcm_MCC",0.889192222208974
"log.sigma.2.mm.3D_glcm_MaximumProbability",0.89570206993671
"log.sigma.2.mm.3D_glcm_SumAverage",0.946147854095096
"log.sigma.2.mm.3D_glcm_SumEntropy",0.891219136294773
"log.sigma.2.mm.3D_glcm_SumSquares",0.932323408004233
"log.sigma.2.mm.3D_gldm_DependenceEntropy",0.805478611270293
"log.sigma.2.mm.3D_gldm_DependenceNonUniformity",0.999183960343326
"log.sigma.2.mm.3D_gldm_DependenceNonUniformityNormalized",0.757984746968324
"log.sigma.2.mm.3D_gldm_DependenceVariance",0.959933852736915
"log.sigma.2.mm.3D_gldm_GrayLevelNonUniformity",0.999632570417643
"log.sigma.2.mm.3D_gldm_GrayLevelVariance",0.934359799322645
"log.sigma.2.mm.3D_gldm_HighGrayLevelEmphasis",0.964163169688324
"log.sigma.2.mm.3D_gldm_LargeDependenceEmphasis",0.940526694979473
"log.sigma.2.mm.3D_gldm_LargeDependenceHighGrayLevelEmphasis",0.980644050580283
"log.sigma.2.mm.3D_gldm_LargeDependenceLowGrayLevelEmphasis",0.490324728263246
"log.sigma.2.mm.3D_gldm_LowGrayLevelEmphasis",0.689580852311828
"log.sigma.2.mm.3D_gldm_SmallDependenceEmphasis",0.733481823965927
"log.sigma.2.mm.3D_gldm_SmallDependenceHighGrayLevelEmphasis",0.898454991818668
"log.sigma.2.mm.3D_gldm_SmallDependenceLowGrayLevelEmphasis",0.366567603652161
"log.sigma.2.mm.3D_glrlm_GrayLevelNonUniformity",0.999409495568938
"log.sigma.2.mm.3D_glrlm_GrayLevelNonUniformityNormalized",0.770805462056708
"log.sigma.2.mm.3D_glrlm_GrayLevelVariance",0.937868225051746
"log.sigma.2.mm.3D_glrlm_HighGrayLevelRunEmphasis",0.961461038191248
"log.sigma.2.mm.3D_glrlm_LongRunEmphasis",0.829330801713754
"log.sigma.2.mm.3D_glrlm_LongRunHighGrayLevelEmphasis",0.979177463997331
"log.sigma.2.mm.3D_glrlm_LongRunLowGrayLevelEmphasis",0.189607416550269
"log.sigma.2.mm.3D_glrlm_LowGrayLevelRunEmphasis",0.700771999913193
"log.sigma.2.mm.3D_glrlm_RunEntropy",0.862122464105933
"log.sigma.2.mm.3D_glrlm_RunLengthNonUniformity",0.997849140152944
"log.sigma.2.mm.3D_glrlm_RunLengthNonUniformityNormalized",0.966675902407503
"log.sigma.2.mm.3D_glrlm_RunPercentage",0.957356418226948
"log.sigma.2.mm.3D_glrlm_RunVariance",0.952432604880964
"log.sigma.2.mm.3D_glrlm_ShortRunEmphasis",0.945457464597759
"log.sigma.2.mm.3D_glrlm_ShortRunHighGrayLevelEmphasis",0.959932735995253
"log.sigma.2.mm.3D_glrlm_ShortRunLowGrayLevelEmphasis",0.831832656675777
"log.sigma.2.mm.3D_glszm_GrayLevelNonUniformity",0.98753083125174
"log.sigma.2.mm.3D_glszm_GrayLevelNonUniformityNormalized",0.63668636071314
"log.sigma.2.mm.3D_glszm_GrayLevelVariance",0.948849573513161
"log.sigma.2.mm.3D_glszm_HighGrayLevelZoneEmphasis",0.955434070458085
"log.sigma.2.mm.3D_glszm_LargeAreaEmphasis",0.99977248527966
"log.sigma.2.mm.3D_glszm_LargeAreaHighGrayLevelEmphasis",0.999978071596473
"log.sigma.2.mm.3D_glszm_LargeAreaLowGrayLevelEmphasis",0.249639808653222
"log.sigma.2.mm.3D_glszm_LowGrayLevelZoneEmphasis",0.763508251126499
"log.sigma.2.mm.3D_glszm_SizeZoneNonUniformity",0.994362066417138
"log.sigma.2.mm.3D_glszm_SizeZoneNonUniformityNormalized",0.674714711813519
"log.sigma.2.mm.3D_glszm_SmallAreaEmphasis",0.904106076871423
"log.sigma.2.mm.3D_glszm_SmallAreaHighGrayLevelEmphasis",0.931981479720158
"log.sigma.2.mm.3D_glszm_SmallAreaLowGrayLevelEmphasis",0.886322205449578
"log.sigma.2.mm.3D_glszm_ZoneEntropy",0.902544115183739
"log.sigma.2.mm.3D_glszm_ZonePercentage",0.717363394147565
"log.sigma.2.mm.3D_glszm_ZoneVariance",0.9999100097977
"log.sigma.2.mm.3D_ngtdm_Busyness",0.987031492212308
"log.sigma.2.mm.3D_ngtdm_Coarseness",-2.6169422470109e-08
"log.sigma.2.mm.3D_ngtdm_Complexity",0.967685693680108
"log.sigma.2.mm.3D_ngtdm_Contrast",0.917192254289675
"log.sigma.2.mm.3D_ngtdm_Strength",0.877887057344211
"log.sigma.3.mm.3D_firstorder_10Percentile",0.986694730874765
"log.sigma.3.mm.3D_firstorder_90Percentile",0.966356174371792
"log.sigma.3.mm.3D_firstorder_Energy",0.9994810236244
"log.sigma.3.mm.3D_firstorder_Entropy",0.924945095862368
"log.sigma.3.mm.3D_firstorder_InterquartileRange",0.921995922360096
"log.sigma.3.mm.3D_firstorder_Kurtosis",0.877481871060801
"log.sigma.3.mm.3D_firstorder_Maximum",0.959477626635925
"log.sigma.3.mm.3D_firstorder_MeanAbsoluteDeviation",0.91938473813577
"log.sigma.3.mm.3D_firstorder_Mean",0.989888804777366
"log.sigma.3.mm.3D_firstorder_Median",0.993483945713798
"log.sigma.3.mm.3D_firstorder_Minimum",0.948448243060867
"log.sigma.3.mm.3D_firstorder_Range",0.935927234120692
"log.sigma.3.mm.3D_firstorder_RobustMeanAbsoluteDeviation",0.919606038485024
"log.sigma.3.mm.3D_firstorder_RootMeanSquared",0.989011718944055
"log.sigma.3.mm.3D_firstorder_Skewness",0.967006490042327
"log.sigma.3.mm.3D_firstorder_TotalEnergy",0.999481376063213
"log.sigma.3.mm.3D_firstorder_Uniformity",0.864042806596685
"log.sigma.3.mm.3D_firstorder_Variance",0.915510041748584
"log.sigma.3.mm.3D_glcm_Autocorrelation",0.925973055271392
"log.sigma.3.mm.3D_glcm_ClusterProminence",0.922841019554977
"log.sigma.3.mm.3D_glcm_ClusterShade",0.899463252573063
"log.sigma.3.mm.3D_glcm_ClusterTendency",0.908696894144065
"log.sigma.3.mm.3D_glcm_Contrast",0.973372473545552
"log.sigma.3.mm.3D_glcm_Correlation",0.845968724544779
"log.sigma.3.mm.3D_glcm_DifferenceAverage",0.972121457134621
"log.sigma.3.mm.3D_glcm_DifferenceEntropy",0.922258749165166
"log.sigma.3.mm.3D_glcm_DifferenceVariance",0.927732387796581
"log.sigma.3.mm.3D_glcm_Id",0.968297970874463
"log.sigma.3.mm.3D_glcm_Idm",0.969992746347529
"log.sigma.3.mm.3D_glcm_Idmn",0.761008356274145
"log.sigma.3.mm.3D_glcm_Idn",0.871596496982535
"log.sigma.3.mm.3D_glcm_Imc1",0.844622507182028
"log.sigma.3.mm.3D_glcm_Imc2",0.776610742036731
"log.sigma.3.mm.3D_glcm_InverseVariance",0.933134020927565
"log.sigma.3.mm.3D_glcm_JointAverage",0.932877271273867
"log.sigma.3.mm.3D_glcm_JointEnergy",0.81224049492545
"log.sigma.3.mm.3D_glcm_JointEntropy",0.934125883116126
"log.sigma.3.mm.3D_glcm_MCC",0.879942154255523
"log.sigma.3.mm.3D_glcm_MaximumProbability",0.902195790534241
"log.sigma.3.mm.3D_glcm_SumAverage",0.932877271276494
"log.sigma.3.mm.3D_glcm_SumEntropy",0.910802761874181
"log.sigma.3.mm.3D_glcm_SumSquares",0.914178600559657
"log.sigma.3.mm.3D_gldm_DependenceEntropy",0.835460344158001
"log.sigma.3.mm.3D_gldm_DependenceNonUniformity",0.999238893948018
"log.sigma.3.mm.3D_gldm_DependenceNonUniformityNormalized",0.639063640357868
"log.sigma.3.mm.3D_gldm_DependenceVariance",0.932134881312314
"log.sigma.3.mm.3D_gldm_GrayLevelNonUniformity",0.999659559592877
"log.sigma.3.mm.3D_gldm_GrayLevelVariance",0.915210316104437
"log.sigma.3.mm.3D_gldm_HighGrayLevelEmphasis",0.926147765828546
"log.sigma.3.mm.3D_gldm_LargeDependenceEmphasis",0.949501696377984
"log.sigma.3.mm.3D_gldm_LargeDependenceHighGrayLevelEmphasis",0.960532774682152
"log.sigma.3.mm.3D_gldm_LargeDependenceLowGrayLevelEmphasis",0.665638373857479
"log.sigma.3.mm.3D_gldm_LowGrayLevelEmphasis",0.821653587378908
"log.sigma.3.mm.3D_gldm_SmallDependenceEmphasis",0.606552594597932
"log.sigma.3.mm.3D_gldm_SmallDependenceHighGrayLevelEmphasis",0.946430752975731
"log.sigma.3.mm.3D_gldm_SmallDependenceLowGrayLevelEmphasis",0.345473223100621
"log.sigma.3.mm.3D_glrlm_GrayLevelNonUniformity",0.999405848802153
"log.sigma.3.mm.3D_glrlm_GrayLevelNonUniformityNormalized",0.821621281625595
"log.sigma.3.mm.3D_glrlm_GrayLevelVariance",0.921019475700274
"log.sigma.3.mm.3D_glrlm_HighGrayLevelRunEmphasis",0.925435423396815
"log.sigma.3.mm.3D_glrlm_LongRunEmphasis",0.887319755591023
"log.sigma.3.mm.3D_glrlm_LongRunHighGrayLevelEmphasis",0.962262208894495
"log.sigma.3.mm.3D_glrlm_LongRunLowGrayLevelEmphasis",0.467138563331359
"log.sigma.3.mm.3D_glrlm_LowGrayLevelRunEmphasis",0.814153927606153
"log.sigma.3.mm.3D_glrlm_RunEntropy",0.888266427573453
"log.sigma.3.mm.3D_glrlm_RunLengthNonUniformity",0.997653959209791
"log.sigma.3.mm.3D_glrlm_RunLengthNonUniformityNormalized",0.968837101995931
"log.sigma.3.mm.3D_glrlm_RunPercentage",0.965360343523492
"log.sigma.3.mm.3D_glrlm_RunVariance",0.967551021496607
"log.sigma.3.mm.3D_glrlm_ShortRunEmphasis",0.964595777324002
"log.sigma.3.mm.3D_glrlm_ShortRunHighGrayLevelEmphasis",0.923175575957484
"log.sigma.3.mm.3D_glrlm_ShortRunLowGrayLevelEmphasis",0.798393010018684
"log.sigma.3.mm.3D_glszm_GrayLevelNonUniformity",0.950536090100714
"log.sigma.3.mm.3D_glszm_GrayLevelNonUniformityNormalized",0.777740810263923
"log.sigma.3.mm.3D_glszm_GrayLevelVariance",0.940382138144668
"log.sigma.3.mm.3D_glszm_HighGrayLevelZoneEmphasis",0.949898742229817
"log.sigma.3.mm.3D_glszm_LargeAreaEmphasis",0.999923259099417
"log.sigma.3.mm.3D_glszm_LargeAreaHighGrayLevelEmphasis",0.999993869386611
"log.sigma.3.mm.3D_glszm_LargeAreaLowGrayLevelEmphasis",0.57565061570711
"log.sigma.3.mm.3D_glszm_LowGrayLevelZoneEmphasis",0.83568873051672
"log.sigma.3.mm.3D_glszm_SizeZoneNonUniformity",0.978014347108705
"log.sigma.3.mm.3D_glszm_SizeZoneNonUniformityNormalized",0.758773618322339
"log.sigma.3.mm.3D_glszm_SmallAreaEmphasis",0.870510641587046
"log.sigma.3.mm.3D_glszm_SmallAreaHighGrayLevelEmphasis",0.95143555499768
"log.sigma.3.mm.3D_glszm_SmallAreaLowGrayLevelEmphasis",0.891797395819046
"log.sigma.3.mm.3D_glszm_ZoneEntropy",0.917861393002194
"log.sigma.3.mm.3D_glszm_ZonePercentage",0.618773289874661
"log.sigma.3.mm.3D_glszm_ZoneVariance",0.999967585085798
"log.sigma.3.mm.3D_ngtdm_Busyness",0.958064046920931
"log.sigma.3.mm.3D_ngtdm_Coarseness",-3.2017644512283e-08
"log.sigma.3.mm.3D_ngtdm_Complexity",0.931669681180141
"log.sigma.3.mm.3D_ngtdm_Contrast",0.92081473156168
"log.sigma.3.mm.3D_ngtdm_Strength",0.877031033795042
